material_id,lam,w_ratio,Tc_ME_x,S_local_true,Tc_ME_y,Tc_ME_mu13,ad_error,S_secant,B_AD,B_true
331,0.2834023764382103,1.1367278057719827,0.0547017158061042,-29.96100820318688,0.0547017158061042,0.0091984907346562,0.1420097538269438,-32.59333924113465,1.9588422590767516,1.0878585600356325
661,0.2908777621556252,1.1827772243151622,0.1262399627149509,-26.098184243721477,0.1262399627149509,0.0278761415271165,0.2060053400570161,-27.612676072390908,1.8761154813361085,1.058030543984445
397,0.302271687136729,1.2087061825225405,0.1155465197175323,-24.556056625272138,0.1155465197175323,0.0278919428352423,0.1201673437112618,-25.98419300067202,1.7751805601455066,1.0581582131525995
44,0.3114306711356417,1.829743846930496,0.0628205019719176,-19.306404348332595,0.0628205019719176,0.0218853456766889,0.1646285191541993,-19.277225211275795,1.7101193769408556,0.9984886291341287
168,0.3154671021902521,1.1696486834562227,0.11041064379462,-22.311623226873543,0.11041064379462,0.0305910921218579,0.0911734392566388,-23.464308609310507,1.6849570575107495,1.0516629996265174
516,0.3230486324794077,1.0732988848754477,0.2684395704009802,-19.674397278440868,0.2684395704009802,0.0884549900303057,0.2036182293153619,-20.294917541561965,1.6424552497724119,1.0315394801852995
297,0.3282719989634788,1.3153787662995997,0.1934735394737763,-19.8216315003922,0.1934735394737763,0.0634297521743024,0.0530130062413569,-20.387709829054955,1.6162828546963421,1.028558614292247
298,0.3329587925477831,1.546156860171355,0.2145146039431021,-18.350226022929107,0.2145146039431021,0.0779776824335298,0.0390235032038699,-18.500094270560638,1.594656919227867,1.0081671063584867
749,0.3394199253157278,1.302262799573773,0.53116969645425,-18.363689178088705,0.53116969645425,0.1901035244983957,0.047440667699012,-18.784511145178744,1.56736684933126,1.0229159818056688
666,0.3462088492756087,1.1401459351239511,0.4951462103815502,-18.644343641134242,0.4951462103815502,0.1716124051887126,0.0147827725332935,-19.371382407896267,1.5414352252478585,1.0389951387271146
509,0.3534692692157115,1.0920591622104805,0.459226482878073,-17.493980362389216,0.459226482878073,0.1701370222888633,0.0488366660643928,-18.152456841964543,1.5163754012841015,1.0376401748450002
535,0.3609713101841304,1.1213214887456953,0.5704952439484829,-15.876536268193059,0.5704952439484829,0.2356871878186419,0.0831179022965104,-16.16086621880751,1.4929754872818213,1.0179088149840387
690,0.3665011473567041,1.098963676579011,0.8018322052919601,-15.944164764909479,0.8018322052919601,0.3299402399353449,0.0530130062413571,-16.23378096318348,1.4771425659091695,1.0181644007412292
465,0.3760501980294337,1.0275174753837455,0.6474585085507565,-15.661881669576005,0.6474585085507565,0.26702549465776,0.0347882027552467,-16.192149407876578,1.4522506831227664,1.0338572177652603
328,0.380879530367496,1.4049626379081834,0.5415445537765823,-14.20338876869398,0.5415445537765823,0.2491420589922499,-0.034019419613213,-14.19382248037431,1.4407070330893077,0.9993264784569753
700,0.3932104934287525,1.0568522134567138,1.28602563330245,-13.537441047546228,1.28602563330245,0.6093356266572888,0.0585544658154781,-13.655257955809976,1.413958515973048,1.0087030412801024
403,0.3972110845426985,1.4433773730875004,0.7462614058233754,-13.468979155324018,0.7462614058233754,0.3580389323051248,-0.0789650008477946,-13.42658535341636,1.406028205643716,0.9968524858923031
186,0.4051274072559989,1.7866098777593449,0.5705489922957483,-11.923507199676065,0.5705489922957483,0.302186471410861,-0.0742206587910841,-11.61891699909226,1.3912829795618653,0.9744546469857392
562,0.4118577837521421,1.0504659159101686,1.2765947906250532,-12.372571295323715,1.2765947906250532,0.6430473825517193,0.0404312932064357,-12.536253762549991,1.3796460872437322,1.013229462439076
531,0.4191204924786836,1.2953720770768211,1.4294267174440085,-10.03279737762166,1.4294267174440085,0.8403637593633404,0.1044567871056668,-9.711040238030359,1.3679198800669155,0.9679294689725333
65,0.4309359245775033,1.3555050736729355,0.561937493807876,-10.5424855371537,0.561937493807876,0.3200541714524369,0.0089926477923884,-10.290682915362646,1.3504732501924035,0.9761154406232141
471,0.4391723881560238,1.0261788586800569,1.506693144975702,-11.500463627028957,1.506693144975702,0.7985298380619635,0.0046279463918264,-11.606951069542319,1.339364844542609,1.009259404313326
217,0.4523247016084417,1.166656266846943,1.2131126854116543,-9.446041867574042,1.2131126854116543,0.7327057408608493,0.0530130062413571,-9.217561725670187,1.3231774128961553,0.9758120760942028
151,0.4708270264888164,1.778288711625336,1.1266534894425804,-8.413441036219897,1.1266534894425804,0.726053382450984,-0.0401000058678401,-8.032604429818903,1.3031448157984007,0.9547347387636651
228,0.4823403600196111,1.223494580669506,1.522520724072526,-9.152725662578682,1.522520724072526,0.9282680216098124,-0.0340194196132133,-9.045742301371991,1.2920415889702503,0.9883113112803001
475,0.4962779066594183,1.2483124062073767,2.653102519511398,-7.97984155575826,2.653102519511398,1.7415012470193958,0.0133383813336948,-7.696200921137897,1.279785899271215,0.9644553550796146
92,0.5166480392489643,1.4580521646341924,1.310440163607686,-7.6867093699649836,1.310440163607686,0.8785588985200093,-0.0523732358671206,-7.309605351306522,1.2638628843553064,0.9509407731568522
660,0.5379466942154549,1.1724010134359886,4.616980559770051,-7.393610188821187,4.616980559770051,3.107576311779304,-0.0174859768666799,-7.237620320812802,1.2493146790647502,0.9789020702979128
157,0.5517614655780168,2.0146862980231384,1.8640722000207832,-7.171180848412406,1.8640722000207832,1.2846639687286658,-0.1701884305175733,-6.805599053300761,1.2408414049385335,0.9490206978683882
287,0.5669903655357376,1.3506629482712298,3.322698471856493,-5.786334454514086,3.322698471856493,2.4686358020817747,0.027689261442584,-5.431655471779386,1.232255824404643,0.9387040300689836
127,0.5883723294156,1.4372470134748845,2.357703708430672,-6.230642136749687,2.357703708430672,1.7045543714097535,-0.0554652249318961,-5.9302455142099575,1.221360649297073,0.9517872129474546
77,0.612533124716365,2.029600064598912,2.15262636444035,-5.417940768461881,2.15262636444035,1.6326658337678936,-0.0789650008477944,-5.054378460270003,1.2104344721616525,0.9328965886249267
153,0.6378701081913472,1.43422242156877,3.361090235765526,-5.121196992479438,3.361090235765526,2.595466174119256,-0.0234665578621085,-4.725763301369304,1.2002948020030328,0.9227849091353381
19,0.6615228063456199,1.231716841418951,2.0230491981703533,-4.539024842274064,2.0230491981703533,1.6005981917619552,0.0219735992997998,-4.28205572352461,1.191850960697169,0.9433867124153671
343,0.698298795226609,1.2773082776931366,6.582914392180359,-4.174391766726848,6.582914392180359,5.317247775188408,0.0191034705656119,-3.9035051192836687,1.1803392923883311,0.9351075168357803
160,0.736509065935749,1.3466578054063896,4.960787693574376,-4.320906461710483,4.960787693574376,3.9692732754574935,-0.0279755835376993,-4.076444486556576,1.1700746859382893,0.9434234512317737
477,0.7667858581443372,1.1157744171183464,9.60670600335167,-4.320906461710505,9.60670600335167,7.676211387823546,-0.0100602001698303,-4.101193419690922,1.1629376036766421,0.9491511690969108
60,0.7921687584313142,1.3418071048269182,4.060802873390365,-3.662965969346299,4.060802873390365,3.373817830125616,-0.0071052608121189,-3.3882214939764412,1.1575239537444901,0.924993986384512
91,0.8382093618519171,1.1367427913444363,5.221315340148551,-3.5883762095479055,5.221315340148551,4.321088701854023,-0.0041590274017854,-3.4596337513759376,1.1488167751038256,0.964122363249034
214,0.8993347862963186,1.6340348762511054,8.203551190163585,-3.585750005519195,8.203551190163585,6.84991382227053,-0.074220658791084,-3.2967287200770192,1.13904792299718,0.9193972571993827
84,0.9668976538236388,1.692929560488284,6.354673582921841,-3.14660106109681,6.354673582921841,5.437421239356434,-0.0663631013387886,-2.8498286637675894,1.1300805106831542,0.9056847717372298
14,1.0778800927958725,1.9239252842736108,4.6284326556698,-2.4165198339468397,4.6284326556698,4.101957293865493,-0.0477531044455569,-2.2075693409430497,1.1183725346055204,0.9135324734072153
32,1.2318273798711703,1.7694527128929365,7.016673575872817,-2.6352629029442465,7.016673575872817,6.160340793630372,-0.043154220509791,-2.379472696313194,1.1063332296687012,0.9029356022333593
121,1.4340462363960134,1.1807788573901603,13.398676073278176,-2.1251410414772742,13.398676073278176,12.026431916313516,0.003168802164066,-1.9753019084436316,1.0951118054839613,0.9294921465873704
1,2.3888949155129646,2.2706842351618963,5.75629406594142,-1.7580723838737766,5.75629406594142,5.287264219394032,0.0585544658154783,-1.5538011885155678,1.0702334425429125,0.883809564821152
