key,formula,source_name,lam,w_log,w_2,w_ratio,w_max,Tc_AD,Tc_AD13,Tc_ME,Tc_ME13,secs
686,Nb3O3,,0.4909307619266367,26.108014893740847,32.53051731519145,1.2459973478485467,75.8507112116,3.497934841982273,2.066055831426756,3.6036692310503717,2.360598672506775,0.8077919483184814
687,Mn2TaTi,,0.22221928595634902,26.25344908100113,28.665199711773347,1.0918641441484933,38.4503997222,0.0020730296442006556,9.504854252991044e-06,0.0,0.0,116.17315936088562
688,OsTi,,0.04989483946870539,26.253786197047493,29.61978084175129,1.1282098749277671,50.0504868754,0.0,0.0,0.0,0.0,32.39130973815918
689,Al,,0.48536783589332244,26.352215580813112,28.680646059122687,1.0883580536584898,40.3503002255,3.3601805164682603,1.9602914908347324,3.3140867316125324,1.995318061509895,0.33500194549560547
690,Al3Li,,0.3665011473567041,26.415156247753195,29.029297227439883,1.098963676579011,46.350415679,0.7604317464403494,0.26915658689009614,0.8022847327289592,0.33008809206437395,2.142141580581665
691,Be2CuNi,,0.2664839052148815,26.429587617041385,37.211706500197266,1.4079563797735437,71.1506207729,0.039528841829762025,0.002735172185382035,0.0523930864975044,0.008085937500000001,570.4542927742004
692,BePd,,0.25737586645738253,26.561271972712497,34.95963103935044,1.3161881356911644,55.7504604992,0.024971217928332103,0.0012214386698260462,0.03139691707297615,0.0,213.92985820770264
693,NNb,,0.39957265417649096,26.761648684061733,34.539833419854894,1.290646694739161,68.4505688188,1.3172770865719792,0.5701892669406655,1.3420202520622457,0.6801883956932722,2.6158559322357178
694,Al3Ti,,0.4193504944006289,26.792351234329423,28.95189653768025,1.0806030528811434,43.9503694976,1.7173242179369643,0.8143553048471127,1.7538267911118024,0.90144967025961,0.9881036281585693
695,CAlSc3,,0.09934016138270586,26.8034192096595,32.111897970724264,1.1980522977140051,69.3505861369,0.0,0.0,0.0,0.0,82.64316153526306
696,BeMnV2,,0.35026976365536094,26.866244439969602,30.38359381335055,1.1309207686708938,69.4505880611,0.5643959618666414,0.17521029107760094,0.6669734811200834,0.2786532320928373,7.212233781814575
697,Cl2Fe,,0.07719223932398589,26.87006226795466,29.903157273105734,1.1128800884383643,41.6478762137,0.0,0.0,0.0,0.0,34.635764837265015
698,BeSiSr,,0.3262090262357874,26.96283059532772,36.87282519342888,1.367542812801651,61.0505624832,0.32619244914820295,0.07861966806726466,0.3313787975980996,0.10423440123029315,13.888661861419678
699,N2Zr2,,0.48161025038380934,27.009449894364643,36.23114399819746,1.3414247287486172,63.5506105888,3.343229609089192,1.931855388990139,3.1584072080618153,1.9370139994191138,0.7561609745025635
700,Co2V6,,0.3932104934287525,27.11070846093145,28.652012245315056,1.0568522134567138,47.1504310728,1.2128853313393588,0.5080070683468868,1.2864142836924362,0.6095681738382337,1.3219473361968994
702,NZr,,0.7498007861741133,27.166610141418204,34.86316600139102,1.2833093941388976,68.5505707431,13.439155386493606,10.545055216953845,12.99395875648754,10.38012782441573,0.23331880569458008
703,HCr,,0.7406711514666812,27.223811482139006,37.35706811061813,1.372220349642347,140.8516898442,13.112567475653575,10.236800094317923,13.520934635959495,11.262260797125498,0.6339492797851562
704,C2LaNi,,0.6841720903223443,27.26259042634796,40.289667361023625,1.4778370921820265,167.2508372695,10.822887141578791,8.162589948149725,10.816116231349227,8.709743537661165,0.9143497943878174
705,MnN,,0.6080857002530429,27.316136317851356,43.023849003816935,1.5750342033437736,80.4506636689,7.807075453434837,5.519184358058986,7.051158136391216,5.097851360265878,0.4426391124725342
706,Be2Hf2Si2,,0.1281154739720593,27.364160350776984,43.29585154348497,1.582210124063084,89.0508291523,1.4618845580019718e-23,0.0,0.0,0.0,92.2037570476532
707,BeGeSc,,0.28795741092641036,27.423469410811286,32.849330650742644,1.197854660861849,77.5507439234,0.10181962037884495,0.012882904995017338,0.14491149340783122,0.03550347450775286,127.29451632499695
708,CPbSc3,,0.1581641286984928,27.512179933996247,33.843566330776746,1.2301303063577644,65.3506452249,4.067076589024813e-09,3.119696100161607e-32,0.0,0.0,127.61815881729126
709,TcV,,0.25124573754393903,27.583031229788098,29.008873879108595,1.051692746799368,43.0503521796,0.018343534335946057,0.000680785476485077,0.024729735498802273,0.0,157.5099024772644
710,Al2FeNi,,0.10385162974798814,27.588960122606775,31.274089985103117,1.1335726263737174,49.1504695573,0.0,0.0,0.0,0.0,46.34347438812256
711,CaN,,0.4973435842220212,27.659671094538464,30.804785621806555,1.1137075895269453,45.1503925883,3.8997196053477636,2.3369066749333856,3.831943411645202,2.3728859662390454,0.36490726470947266
712,Be2PdRh,,0.19471072201267245,27.692397797426068,37.56092576799196,1.356362350517843,62.750595195,7.950303155284917e-05,2.6376643888457142e-09,0.0,0.0,120.21855401992798
713,As2Cr6,,0.45285339137493585,27.69761735907588,29.67378026134685,1.071347758063508,43.1503541038,2.599618215813293,1.3897091271249524,2.6101299777027966,1.468995663171098,0.6198725700378418
714,Be2FeSi,,0.2723078080404142,27.812003958150193,35.6501312525709,1.2818253336298615,83.150715623,0.05447674116035176,0.004555802822395161,0.0791482145130013,0.0151171875,500.1055886745453
715,AlCo2Sc,,0.06512830381499621,27.849098642938767,31.278125727456803,1.1231288354600832,49.2504714816,0.0,0.0,0.0,0.0,38.66220498085022
717,BaO3Ta,,0.25134715044485656,27.91436727671826,41.98231743960484,1.503968082938417,80.050655972,0.018698170882487136,0.0006971808629136275,0.02548173580713945,0.0,1131.6792252063751
718,RuTi,,0.10352916942092251,27.9170163301327,29.843966999086046,1.0690242340430005,47.7504426182,0.0,0.0,0.0,0.0,38.70533514022827
719,CSc3Sn,,0.1602217169989809,27.942845283138997,33.73900436046859,1.207429093873524,67.4505495766,1.029745140058364e-08,1.432122337054017e-28,0.0,0.0,151.68597626686096
720,RuV3,,0.2469988682394716,27.949969098650488,30.005879834468182,1.0735568160580529,41.450321392,0.01437968715191775,0.0004299736388544698,0.018606528785440446,0.0,204.67377018928528
721,Fe2V6,,0.42469685372754945,27.95776314425419,30.208282769493746,1.0804971275286763,46.8504253002,1.9147460725207752,0.927877094828854,1.9540425426675712,1.02558339108456,0.7990610599517822
722,MoP,,0.3099501992544593,28.025619862331993,32.89920705048147,1.1738975698696268,55.7504604992,0.2165231020434759,0.04159438124608183,0.24769851694341244,0.06676832438793653,19.647377490997314
723,S2Ti2,,0.28744642896500827,28.066740359914682,32.01764237078392,1.140768110589428,47.9504464666,0.10220369472594494,0.012781772454662488,0.11663846948155021,0.021182292827697503,66.42861247062683
724,Al3Ni2,,0.13257157365536215,28.12161294503001,31.644381159593447,1.125269066943261,49.9504849512,2.6887171091381328e-19,0.0,0.0,0.0,55.319000244140625
725,B2Rh2,,0.13377723054326507,28.132118713834597,39.95556067790338,1.4202826699381992,82.4507021534,2.191179818214836e-18,0.0,0.0,0.0,102.50800466537476
726,Ca2N,,0.11219300524984462,28.19568929523372,33.90787970325895,1.202590911972875,57.7504989837,3.2806190493199047e-94,0.0,0.0,0.0,66.72567582130432
727,Be2MnTc,,0.2661632091375822,28.213567573326937,33.92604350716257,1.2024726550085851,62.3505874981,0.04152846069552599,0.0028421010954440525,0.05613844894314633,0.007929687500000001,375.49255895614624
728,CoSi2,,0.3574968391645045,28.21924154772616,33.45846594506536,1.185661417883195,49.2504714816,0.6859195350763901,0.22645155834213765,0.6869975641308467,0.26054921425217503,3.0073089599609375
729,CdO,,0.023450765109707047,28.35794618756989,35.62144958985618,1.2561364407084632,54.2504316358,0.0,0.0,0.0,0.0,42.39109134674072
730,As2V6,,0.4348340547160568,28.37960841439159,30.25436554861353,1.0660600071307267,39.6504228129,2.190298660089565,1.102835430364951,2.168274019937602,1.1344551168526178,0.5895626544952393
731,Co3V,,0.2311607469181433,28.50901599143268,29.71848250361703,1.0424240006230945,42.0503329373,0.004823334531708784,5.068412990172401e-05,0.007148437499999999,0.0,286.6725571155548
732,CNb,,0.8820274503644413,28.88518119576896,40.722906601594275,1.409820015515751,81.1506771385,20.08784022950532,16.59411212083069,19.13365555795915,16.009459336300083,0.2020275592803955
733,Al3Sc,,0.24221609495096752,29.088364892774425,31.202921283784175,1.0726942335467955,42.1503348615,0.01099334708653694,0.00025050158991396737,0.014289204074395183,0.0,387.5736041069031
734,Cr6Ge2,,0.3978031591420046,29.169143847378272,30.96013352218827,1.061400145447566,43.250356028,1.3965581329424983,0.5993115387300076,1.4215118923064458,0.6593469429622234,1.1453306674957275
735,BeCo2Ti,,0.07174338672615946,29.439422526143293,34.94006487688788,1.1868461361923732,62.2505855739,0.0,0.0,0.0,0.0,56.036113262176514
736,CrFeV2,,0.2527134550697741,29.55021380444862,31.377362288684317,1.0618319886389664,47.2504329971,0.021402445935590902,0.0008516790687565029,0.028853590443440665,0.0,140.72538042068481
737,H2Y,,0.2535875418957627,29.762901254128,64.7803341393415,2.17654635165504,142.4517206319,0.022693271145517547,0.0009400318654054744,0.03504825030921484,0.0,444.40868973731995
738,B2Mo2,,0.5591190018114575,29.912260765418374,38.38884464851143,1.2833815855501252,90.5508580157,6.518902021969786,4.346401050178756,6.545858541256189,4.688682785713006,0.6352031230926514
740,BHf,,0.40672834103367017,29.990301848982238,44.01697191987316,1.4677068654234613,70.3506053791,1.6332738976405596,0.7320032664833548,1.4623478565796502,0.7160644136197111,2.1722822189331055
741,S2Si2Zr2,,0.15992070958458654,29.992937537140698,33.12477826615053,1.1044192728748767,51.7505195872,9.711426018710879e-09,5.0426819617407695e-29,0.0,0.0,158.9422676563263
742,InNSc3,,0.15468149701334138,30.064287377268524,35.05017427192792,1.1658408473845685,60.7505567105,7.923611948134964e-10,5.834837558919881e-41,0.0,0.0,116.55814266204834
743,B4Ru2,,0.41969412320387756,30.079806746336256,44.0541162921898,1.4645744456970498,103.650293747,1.9420779263693262,0.9217206727375885,1.9680667316279,1.1079747448363415,2.9495837688446045
744,C2S2,,0.4594092647918226,30.131724590872487,42.040277731225274,1.3952164471847102,99.4508932148,3.031816966517621,1.6517015446608034,2.9658012986217983,1.8123200435640525,1.60146164894104
745,BeGaMn2,,0.2271461892367698,30.141247078450192,33.94952529051268,1.1263477321343236,63.5506105888,0.00367385150723092,2.733146288656907e-05,0.006992187499999999,0.0,199.92189359664917
746,CV2,,0.3048168262652045,30.171624350627958,39.746618409020556,1.3173509635119567,92.450894576,0.19944459772237283,0.035211680938679636,0.2512412751704134,0.07465288995886082,58.28537368774414
747,AlCo2Si2,,0.15256828455223212,30.235887003744825,33.76587477050898,1.1167482788359062,56.0504662719,2.4640537593666717e-10,6.089443286452829e-49,0.0,0.0,104.53266906738281
748,H2V,,0.3264922527750058,30.29351212906701,51.33215960661598,1.694493506989641,181.651114358,0.36934309923838055,0.08932152893505066,0.528259369873205,0.23189578581428924,106.69162607192993
749,BeCaSi,,0.33941992531572784,30.478434470075523,39.690931399626336,1.302262799573773,68.2505649704,0.5065590399712708,0.14170410124575594,0.5311233195890184,0.19002568411074855,7.815605401992798
751,B2Ta2,,0.21682607088838177,30.59444589919917,43.757170845532734,1.4302325000328935,82.9507117745,0.0014379305531612623,3.5360525912300834e-06,0.0,0.0,125.2916145324707
752,Al2Ru,,0.0868364098112488,30.634814796566694,36.283249502936,1.1843795937360242,56.4500657977,0.0,0.0,0.0,0.0,50.081451177597046
753,Hf2O2,,0.2433704266586119,30.730922172190105,38.315287504687795,1.2467991454991594,62.5505913466,0.012544461843920052,0.0003061021711012055,0.01740789089864296,0.0,955.1954967975616
754,BeCu,,0.37283799841255844,31.04432391418414,40.61850830665339,1.3084037010738316,59.1505259229,1.001859961789872,0.37068376207720166,0.9492262360751118,0.3936818116469938,2.838338613510132
755,STi,,0.053449104949779724,31.625308046451213,35.670331603129775,1.127904637347318,49.9504849512,0.0,0.0,0.0,0.0,34.81367874145508
756,P2V2,,0.2983364313055975,31.693580284263454,36.01283980457841,1.1362818426184422,53.6504200905,0.16975947844449485,0.026666829392932412,0.1879228308439821,0.040169515955662344,33.11892318725586
757,AlCo,,0.06435589009261825,31.7075545129164,34.903751498630875,1.1008023808462577,51.1505080419,0.0,0.0,0.0,0.0,36.912750482559204
758,BaNbO3,,0.22233478272570403,31.894141667256022,44.492097163479144,1.3949927741481363,78.1507554687,0.0025470560895847053,1.1820011687163507e-05,0.0,0.0,143.2327263355255
759,BaMoO3,,0.25249870822011083,32.03061416032439,45.43172022784189,1.4183842994842464,77.5507439234,0.022939061187612155,0.0009034967175837195,0.0288418371865729,0.0,744.7668988704681
760,MoN,,1.0795852087578863,32.183303289261254,38.95020071518757,1.2102611209640577,71.7506323183,31.281374675822626,27.01912234227277,30.843675997573584,26.772167168276475,0.11444854736328125
761,CV,,0.8368059887309276,32.45372660769513,41.09717313530685,1.2663314026180976,91.550877258,20.304595962111456,16.53733361179967,19.97029635513028,16.649624771730867,0.24921154975891113
762,B2Ni2,,0.2507003844399307,32.493300090406635,44.76706508555379,1.3777321774334297,99.3508912905,0.020948444067056624,0.0007569433272306437,0.034194652595786273,0.0,425.9723334312439
763,N2Zr2,,0.9724568167064015,32.635213079815706,42.59371662744977,1.3051459637563458,72.3506438637,26.955001159794993,22.80215300646668,26.10402005933699,21.996687549161223,0.1343224048614502
764,AlLiSi,,0.06557731069045658,32.69531825653639,37.52951296990773,1.1478558696214831,52.3505311326,0.0,0.0,0.0,0.0,38.48401188850403
765,ClOTi,,0.3616570148086792,33.035406609644426,37.99932391579477,1.1502605178984286,60.7505567105,0.8696317285934466,0.2967649743562541,0.9057115728019056,0.3630498512884265,3.300137519836426
766,InN,,0.03954267010746279,33.10023009322769,35.875393806461084,1.0838412212065316,66.4505303343,0.0,0.0,0.0,0.0,61.64637613296509
767,OTi2,,0.2835963649467862,33.823810667513406,38.330507775633635,1.1332403717730348,65.4506471491,0.10624280519419621,0.012122380786282552,0.13229771188793887,0.024670939022082852,74.52813029289246
768,BeNi,,0.15558150263781229,34.065722314146456,41.97033643331142,1.2320401148776585,63.7506144373,1.4353379141607627e-09,3.150079951123008e-38,0.0,0.0,127.51044726371765
769,N2Nb2,,0.20927480057798856,34.10533541812018,42.586198711081366,1.2486667610503928,82.0506944565,0.000706408545334792,5.86802781874112e-07,0.0,0.0,127.08885288238525
770,BZr,,0.4394435182610418,34.22755101728907,42.813465087852094,1.250848039528919,65.5506490733,2.788877237921222,1.4266121919428765,2.648233328141411,1.4399562055180257,1.0376043319702148
771,B2Nb,,0.6442620004328496,34.259303908501735,47.745033515177546,1.3936369998261762,100.6509163055,11.565359947630089,8.4608473694175,11.037175097726877,8.362600530304238,0.5086052417755127
772,FeSi2,,0.15892906552755032,34.50218675264906,38.660432250378285,1.1205212158736564,69.0505803642,7.222069864911857e-09,1.125664496600983e-30,0.0,0.0,151.8560070991516
773,C2CoY,,0.26818529873256036,34.6113393560316,48.3904597798829,1.3981100032596705,161.6507295128,0.056126739926247234,0.004114281592067019,0.09823549768829748,0.021914062499999998,1324.842530488968
774,B2P2Sr,,0.5426664821947115,34.78490308538487,42.89336591996662,1.2331029301613488,78.5507631657,6.830815722268082,4.44572510972057,6.624544599307136,4.4987053238119366,0.44063520431518555
775,Be2GeTi,,0.23879975114983137,35.168257724669196,40.636988560752556,1.1555018982998198,67.5505515008,0.010521935668296057,0.00019330176841278885,0.015772628174643012,0.0,454.32285380363464
776,BaO3V,,0.20347285747090546,36.00821841794667,43.37007704006828,1.2044493992086103,73.9506746513,0.00036441962593532494,1.0467857697964896e-07,0.0,0.0,125.54763197898865
777,B2Nb2,,0.21036964218096688,36.5048774869315,45.05086909900032,1.234105473032425,82.4507021534,0.0008577454155438791,8.494843203134834e-07,0.0,0.0,147.89544558525085
778,Be2MnP,,0.2695637883769194,36.6124369388249,42.361587444517404,1.1570272559376111,73.7506708028,0.06327043899413434,0.004853438748399046,0.0831196856024016,0.0120703125,248.84149479866028
779,AlLi2N2,,0.3949981726659897,36.857730016657236,43.44501957456994,1.1787220633211999,81.2506790627,1.6957610930862435,0.7169125968595514,1.766892185079867,0.867687839817852,2.6459548473358154
780,NTi,,0.6160167613377654,36.93684202130588,44.29939125145158,1.1993280645351014,74.9506938935,10.930629050152193,7.79585793862096,10.661599743238506,7.798831822417126,0.5419557094573975
781,B2Hf,,0.1403338452125028,37.32421255122848,55.28250246084115,1.4811431690612211,103.9509798049,1.8918168764363327e-14,0.0,0.0,0.0,134.69401025772095
782,Li2N,,0.39798669817074994,37.530169835359004,43.09599428997744,1.1483026716648268,69.6505919096,1.8035162796593902,0.7745288208181053,1.8220368859858482,0.871971297131052,2.1279714107513428
783,BBeZr,,0.3985298554075129,37.60434825624998,48.03726872056526,1.2774392044563967,87.9508079858,1.8232290656816232,0.7850241807203447,1.8227561211302836,0.9021860690202973,3.234032154083252
784,B6Sr,,0.18696850737046228,37.95477676210482,69.3765962268947,1.8278752279782176,152.1512269966,2.8478510895239624e-05,5.90581073651465e-11,0.0,0.0,307.5297305583954
785,O2Ti2,,0.11479556708344278,37.982371570595696,42.19375542743397,1.1108773276310777,71.5506284698,9.751065026555847e-64,0.0,0.0,0.0,79.9446337223053
787,MgN2Sn,,0.13703852527249427,38.12136177805653,42.86456272911142,1.1244237018254992,80.7506694416,3.7562974395980614e-16,0.0,0.0,0.0,101.98672676086426
788,B2MoTi,,0.1924282801547288,38.61503545868367,51.930302283502684,1.3448207846155091,87.4507983647,7.65369746240822e-05,1.2450141682904137e-09,0.0,0.0,145.07053661346436
789,BTc,,0.31344697319305964,38.72961371309637,47.87292648412557,1.2360806601057681,88.6508214554,0.3315203382694485,0.06719141808331269,0.38031558337057003,0.11120376542645916,25.657541036605835
790,HLi2,,0.4069562455718316,38.8083431375435,56.80493687416792,1.463730019930028,117.750837177,2.1200777856775073,0.9512011732791216,2.0653742405178908,1.0812336945103174,3.7299516201019287
791,O4Os2,,0.4847895326060361,39.292700570605774,52.99273602975958,1.3486661710751073,92.2508907275,5.000703141929777,2.911626487119082,4.640010946008419,2.8317007051011496,0.8986189365386963
792,CH2Y2,,0.3994099788402986,39.844917147871655,59.76107138451516,1.4998417781302211,132.351254171,1.9583813421669831,0.8468512116354504,1.9207592396616695,0.9913054000948115,5.195499420166016
793,B2Y,,0.395326867803511,39.97300722087426,50.46047378785289,1.262363712317896,83.2507175472,1.8492279879767697,0.783060846605351,1.8038833014429763,0.8577751940452812,2.2125532627105713
794,B6Ca,,0.2223663420905056,40.43241484481902,66.66735864323208,1.648859186350943,159.4520477502,0.003238921793289568,1.5080212534755501e-05,0.0,0.0,224.79542589187622
795,BCuN2,,0.19732829118428907,40.74797336300097,59.406354949072025,1.4578971675438661,117.8511112153,0.00017487782353221767,1.2057237973256326e-08,0.0,0.0,183.37002539634705
796,CSc,,0.5734145075199009,41.49601806676416,44.69647490111574,1.0771268421274127,60.3505490136,9.799327596485835,6.664555335116076,9.620046075059648,6.600590410406175,0.22682881355285645
797,B4NbZr,,0.3196146519462371,41.85258126482114,54.48931579806014,1.3019344124387546,100.0509047601,0.4256472399377738,0.09418990476705322,0.4688120891294615,0.1454355597410225,22.80691361427307
798,HLiPd,,0.24897846143590657,41.873937095225905,66.21842904023141,1.5813757586167136,121.3510425061,0.024357866697621283,0.0008075216915146302,0.029055795089008202,0.0,317.2383372783661
799,H2Sc,,0.2290930272950546,42.00528562922133,75.10626533602758,1.7880193935350666,152.8519207513,0.006024851091546721,5.324865717963482e-05,0.011801861090719065,0.0,404.80470991134644
800,Fe2O4,,0.47880141094908785,42.65698988170098,51.00441233573188,1.195687095530662,99.3508912905,5.1432293991901945,2.952396545567751,5.148487522507848,3.201387874110124,0.9623074531555176
801,B2V,,0.33023563625707014,43.292894418757456,52.97427450244684,1.2236251517407148,119.5510078701,0.578983903572686,0.14647482146249494,0.697305611039559,0.25650079971804457,22.565012454986572
802,NSc,,0.1713420532481217,43.464711366561374,46.12225656527945,1.0611425939610082,79.7506501993,8.167505511360638e-07,2.5644036986245574e-17,0.0,0.0,457.0955283641815
803,CW,,0.12751439974693923,43.51810457530957,58.40681553176336,1.342126825185788,93.0507700643,4.507403869278698e-24,0.0,0.0,0.0,99.63727116584778
804,C2B2Ca2,,0.37794823160168234,43.612080305516244,55.00439709089992,1.2612192930393813,112.4510073071,1.5351583099407722,0.5874858917150375,1.6217592662373277,0.7592871477379668,4.83679461479187
806,B2V2,,0.16995407271619267,43.87647053520871,50.80755634431361,1.1579681711987988,101.8509393962,5.443566242229105e-07,3.184576214303939e-18,0.0,0.0,343.39568853378296
807,O4Rh2,,0.18080707376186447,44.19347611519071,56.87950293921503,1.2870565508573724,92.8507662159,9.326684979758429e-06,8.194841353020177e-13,0.0,0.0,184.25095319747925
808,C2TiZr,,0.19856732898344448,44.462273317075,52.72628671991332,1.1858657415896154,85.1507541075,0.00022888921348826255,2.169179990859832e-08,0.0,0.0,121.83732771873474
809,B4HfTi,,0.12712711350978062,46.0689691463967,60.75116008186483,1.318700227235636,108.5509322623,1.575814995924578e-24,0.0,0.0,0.0,110.53793144226074
810,Ir2O4,,0.15904661916854207,47.4339382782165,63.04872378502727,1.3291901552686736,96.8508431849,1.0467689722244144e-08,2.527851155433483e-30,0.0,0.0,236.24540853500366
811,HNi,,0.19602665657109647,47.740381516873946,71.08063345140353,1.4888995687284132,121.8510521273,0.00016826575645122153,8.149870427595683e-09,0.0,0.0,169.3119990825653
812,CMo,,0.20054674332965491,48.04704533731908,57.34364862935956,1.1934895939338779,89.7508426219,0.0003276761936936072,4.9913830326884816e-08,0.0,0.0,125.63696479797363
813,B6Mo2,,0.2239425565807919,49.996615923081094,66.58097575626522,1.3317096472829055,121.2499521256,0.0046169571431432365,2.5280163476031728e-05,0.0,0.0,218.68343472480774
814,NV,,0.06998928477702832,50.52112706157591,57.97186119485036,1.1474775913885171,85.4507598802,0.0,0.0,0.0,0.0,74.61730146408081
815,AlB2,,0.4457239383835676,51.83812375705887,63.37518283220316,1.2225593489689772,123.8510906118,4.5229630008011945,2.363051913136185,4.574379129884399,2.655152187005757,1.6353840827941895
816,B2Ti,,0.11788062462888149,52.92630327730121,63.39138783046176,1.197729369049827,114.65104964,8.936871645765529e-46,0.0,0.0,0.0,132.28073263168335
817,B2Sc,,0.2944716011962876,54.422213246582075,61.682717915601586,1.1334106835406128,100.2509086086,0.25548892828271286,0.03719547896215489,0.2997597453844354,0.06422940007307654,53.16352081298828
818,C2B2Sc2,,0.1638818477230063,54.720712017115524,63.78028616887612,1.165560238853013,117.4511035184,8.70623439044155e-08,1.9788518469551914e-23,0.0,0.0,311.81080532073975
819,C2Li2,,0.6393142410219768,55.487951507560126,66.50137639078224,1.198483176689656,151.8505409387,18.276976886770868,13.321661202451471,18.372634282281158,14.018275779795239,0.508481502532959
820,Be2,,0.3753597407795584,58.71508596160963,61.65815242976238,1.0501245364790412,87.2507945163,1.9746736316936087,0.7433567078546575,2.049549485800643,0.8555929539517924,2.2912375926971436
821,BBe2,,0.5051809515390259,60.84310220590861,64.71778646224178,1.0636832133118435,89.0508291523,9.119976278253798,5.556260972157921,9.048308984197085,5.648418804139361,0.4429173469543457
822,B2Mg,,0.6234593794997607,65.44837405452587,70.34307973820746,1.0747872770621276,102.65095479,19.999446980346224,14.37633805914368,19.800172705471866,14.387086969130529,0.2722773551940918
823,B6K,,0.6015798249462643,68.60128217162703,78.98884230716284,1.151419329299825,150.3511923605,18.884517887079678,13.271273850653003,18.793172791709125,13.6870136763273,0.4754166603088379
