target,window,key,donor_r,status,Tc,moment_err
CrRh3,0.05,820,1.0501245364790412,tilt_failed,,
CrRh3,0.05,500,1.0860823441511978,ok,3.379288654299614,9.475268014647042e-09
CrRh3,0.05,678,1.095180663218599,ok,3.3795007901445775,1.176836406102666e-13
CrRh3,0.05,438,1.079207962602121,ok,3.3748338015553734,4.538511788609867e-10
CrRh3,0.05,757,1.1008023808462577,ok,3.383743507043854,3.756077671113189e-09
CrRh3,0.05,733,1.0726942335467955,ok,3.3750459374003374,4.931777208838639e-11
CrRh3,0.05,538,1.0906362882662763,ok,3.379925061834505,1.7266188478970435e-12
CrRh3,0.05,562,1.0504659159101686,tilt_failed,,
CrRh3,0.05,533,1.10342514216843,ok,3.3775915675399033,2.4149571231646405e-12
CrRh3,0.05,718,1.0690242340430005,ok,3.376743024160048,4.2583625514680534e-10
CrRh3,0.05,623,1.1065458071595184,ok,3.3797129259895415,4.227285188562746e-12
CrRh3,0.05,456,1.055208231200321,ok,3.3771672958499757,4.914291196200793e-12
CrRh3,0.05,556,1.0425286930831037,tilt_failed,,
CrRh3,0.05,59,1.0660111121143323,ok,3.376743024160048,8.170530918505392e-10
CrRh3,0.05,223,1.0834378978178483,ok,3.382470691974071,5.707234684848572e-10
CrRh3,0.05,598,1.0668108099770908,ok,3.3744095298654457,6.022737863986549e-12
CrRh3,0.05,179,1.0942454571100102,ok,3.3795007901445775,1.455979781184169e-11
CrRh3,0.05,471,1.0261788586800569,tilt_failed,,
CrRh3,0.05,262,1.0975952055705966,ok,3.3769551600050116,1.8768510523514692e-08
CrRh3,0.05,107,1.081495084123776,ok,3.3784401109197586,8.348877145181177e-14
CrRh3,0.05,645,1.1012523903786384,ok,3.3797129259895415,1.2733369914030845e-11
CrRh3,0.05,802,1.0611425939610082,ok,3.3758944807801927,7.466425699931278e-09
CrRh3,0.05,690,1.098963676579011,ok,3.377803703384867,4.9962256554181295e-11
CrRh3,0.05,687,1.0918641441484933,ok,3.3710153563460246,7.423839321063497e-12
CrRh3,0.05,649,1.0656406908046188,ok,3.380561469369397,1.1097789354153065e-12
CrRh3,0.05,459,1.0470985878998593,tilt_failed,,
CrRh3,0.05,445,1.0731749302895968,ok,3.380137197679469,7.018895464838693e-10
CrRh3,0.05,606,1.080174280003938,ok,3.3763187524701204,2.164652790348498e-08
CrRh3,0.05,497,1.0608326288277128,ok,3.373985258175518,1.6933510149641506e-10
CrRh3,0.05,658,1.1010592881706607,ok,3.3775915675399033,6.173950239940496e-13
CrRh3,0.15,664,1.144183317283355,ok,3.382682827819035,1.3139711541043653e-11
CrRh3,0.15,253,1.145372048940466,ok,3.391168261617588,1.0100809078039674e-12
CrRh3,0.15,166,1.163640736073686,ok,3.376530888315084,9.681144774731365e-14
CrRh3,0.15,223,1.0834378978178483,ok,3.382470691974071,5.707234684848572e-10
CrRh3,0.15,678,1.095180663218599,ok,3.3795007901445775,1.176836406102666e-13
CrRh3,0.15,344,1.0860828738982202,ok,3.3769551600050116,1.4613912635574877e-08
CrRh3,0.15,15,1.1274910127681486,ok,3.3809857410593245,1.5607315440036018e-10
CrRh3,0.15,724,1.125269066943261,ok,3.381197876904288,2.0870416506113543e-11
CrRh3,0.15,349,1.1911417433598366,ok,3.3835313711988904,2.05613304160579e-13
CrRh3,0.15,295,1.0830228085601892,ok,3.3848041862686733,1.5785039941818013e-11
CrRh3,0.15,806,1.1579681711987988,ok,3.3901075823927687,5.157207993988777e-12
CrRh3,0.15,492,1.1300116197049772,ok,3.380561469369397,5.999645225074346e-13
CrRh3,0.15,438,1.079207962602121,ok,3.3748338015553734,4.538511788609867e-10
CrRh3,0.15,195,1.1592174401246003,ok,3.37907651845465,7.932543510946743e-12
CrRh3,0.15,785,1.1108773276310777,ok,3.382470691974071,1.7483170466903175e-10
CrRh3,0.15,458,1.1525242334089403,ok,3.37907651845465,1.5241585771264e-11
CrRh3,0.15,574,1.127657972110392,ok,3.378652246764722,3.827382855092765e-12
CrRh3,0.15,266,1.1866622396078235,ok,3.37907651845465,7.993605777301127e-15
CrRh3,0.15,666,1.1401459351239513,ok,3.3735609864855904,4.796163466380676e-13
CrRh3,0.15,366,1.0990796052451637,ok,3.382470691974071,4.1254625049447213e-08
CrRh3,0.15,459,1.0470985878998593,tilt_failed,,
CrRh3,0.15,736,1.0618319886389664,ok,3.375470209090265,3.3202316451763636e-09
CrRh3,0.15,293,1.1904444218079908,ok,3.374197394020482,3.0799232053624337e-09
CrRh3,0.15,61,1.1896608565745292,ok,3.377803703384867,6.201794633398094e-11
CrRh3,0.15,555,1.0643603212308335,ok,3.3761066166251563,2.183170333402984e-08
CrRh3,0.15,239,1.136799695865502,ok,3.3771672958499757,3.381739333008227e-13
CrRh3,0.15,79,1.1378123861639873,ok,3.3820464202841434,3.6615528387073937e-09
CrRh3,0.15,225,1.192358197028064,ok,3.3773794316949393,2.320232894703622e-11
CrRh3,0.15,685,1.051066528212449,tilt_failed,,
CrRh3,0.15,772,1.1205212158736564,ok,3.3773794316949393,2.1360246904578162e-10
CrRh3,0.40,8,1.2087205694286438,ok,3.3782279750747946,6.234168736796164e-11
CrRh3,0.40,430,1.2473595095250318,ok,3.382470691974071,2.7260029789033524e-09
CrRh3,0.40,586,1.4024922045067219,ok,3.3888347673229857,5.551115123125783e-16
CrRh3,0.40,265,1.390207366972563,ok,3.3750459374003374,2.491418182870575e-11
CrRh3,0.40,438,1.079207962602121,ok,3.3748338015553734,4.538511788609867e-10
CrRh3,0.40,638,1.0746514591658638,ok,3.3797129259895415,6.458438228662544e-09
CrRh3,0.40,122,1.2887006971178392,ok,3.3831070995089627,1.951076855633005e-09
CrRh3,0.40,571,1.2449289984344638,ok,3.3782279750747946,3.924394142984511e-11
CrRh3,0.40,300,1.1358105762881288,ok,3.3828949636639987,1.3566925360919413e-13
CrRh3,0.40,404,1.0354218994671103,tilt_failed,,
CrRh3,0.40,437,1.1825567466401468,ok,3.3763187524701204,9.885425811262394e-13
CrRh3,0.40,45,1.1493169231325773,ok,3.3809857410593245,3.3306690738754696e-15
CrRh3,0.40,270,1.343134553718497,ok,3.3771672958499757,1.3395951015127139e-12
CrRh3,0.40,40,1.4494239809659757,ok,3.377803703384867,1.5842918088537772e-09
CrRh3,0.40,698,1.367542812801651,ok,3.388410495633058,1.1752904871542569e-08
CrRh3,0.40,572,1.1195291822920295,ok,3.382470691974071,7.315861250134503e-10
CrRh3,0.40,420,1.1476294123051554,ok,3.3920168049974433,8.387068817228283e-12
CrRh3,0.40,475,1.2483124062073767,ok,3.3860770013384562,1.1411538380912134e-11
CrRh3,0.40,535,1.1213214887456953,ok,3.379288654299614,7.72715225139109e-14
CrRh3,0.40,198,1.1968238241844789,ok,3.386501273028384,3.36828342994977e-11
CrRh3,0.40,623,1.1065458071595184,ok,3.3797129259895415,4.227285188562746e-12
CrRh3,0.40,73,1.1491232568634893,ok,3.387561952253203,6.647987715879822e-10
CrRh3,0.40,361,1.126003105324922,ok,3.3775915675399033,9.049094806812263e-10
CrRh3,0.40,476,1.1323394191215936,ok,3.3769551600050116,3.19300141882195e-13
CrRh3,0.40,197,1.1520028579943609,ok,3.381410012749252,8.215650382226158e-15
CrRh3,0.40,591,1.215493972786655,ok,3.3843799145787457,6.768380078625569e-09
CrRh3,0.40,56,1.502562458544429,ok,3.4085634009046224,8.881784197001252e-16
CrRh3,0.40,318,1.5619313928759844,ok,3.387561952253203,1.5386913965187432e-11
CrRh3,0.40,143,1.304415160359255,ok,3.3809857410593245,1.8274270985330077e-13
CrRh3,0.40,129,1.224222092828324,ok,3.3818342844391798,3.552713678800501e-15
CrRh3,all,318,1.5619313928759844,ok,3.387561952253203,1.5386913965187432e-11
CrRh3,all,728,1.185661417883195,ok,3.3784401109197586,2.6556534749033744e-13
CrRh3,all,502,1.3294383485105485,ok,3.3771672958499757,5.551115123125783e-14
CrRh3,all,675,1.162111940051532,ok,3.3881983597880945,1.1688428003253648e-12
CrRh3,all,564,1.2228748677795211,ok,3.378652246764722,1.751931932858497e-13
CrRh3,all,2,1.7162466041892894,ok,3.378015839229831,1.1505123520549887e-08
CrRh3,all,404,1.0354218994671103,tilt_failed,,
CrRh3,all,491,1.2202170726462003,ok,3.3867134088733475,6.981173417131004e-09
CrRh3,all,633,1.3835459500754543,tilt_failed,,
CrRh3,all,438,1.079207962602121,ok,3.3748338015553734,4.538511788609867e-10
CrRh3,all,185,1.3619305641256603,ok,3.3890469031679498,8.841816168114747e-13
CrRh3,all,801,1.2236251517407148,ok,3.3848041862686733,2.7663129120725216e-08
CrRh3,all,595,1.1108004815198855,ok,3.3710153563460246,6.217248937900877e-14
CrRh3,all,217,1.166656266846943,ok,3.3818342844391798,3.9968028886505635e-15
CrRh3,all,326,1.2148807908770896,ok,3.3918046691524792,1.690980688806576e-12
CrRh3,all,668,1.2798428607989982,ok,3.387561952253203,3.806288617624887e-12
CrRh3,all,620,1.1571634233029482,ok,3.378652246764722,3.931965864012454e-12
CrRh3,all,435,1.7627691213210244,ok,3.376743024160048,1.5031487166083934e-09
CrRh3,all,457,1.0850011837940292,ok,3.379288654299614,2.5363184996685106e-07
CrRh3,all,464,1.0700449619782797,ok,3.3763187524701204,1.0542677841840487e-12
CrRh3,all,257,1.2394352500850188,ok,3.37907651845465,2.7533531010703882e-14
CrRh3,all,15,1.1274910127681486,ok,3.3809857410593245,1.5607315440036018e-10
CrRh3,all,107,1.081495084123776,ok,3.3784401109197586,8.348877145181177e-14
CrRh3,all,52,1.3362714590165126,ok,3.3867134088733475,6.153966225497243e-12
CrRh3,all,367,1.2983283167696047,ok,3.383743507043854,1.995190679338066e-09
CrRh3,all,562,1.0504659159101686,tilt_failed,,
CrRh3,all,213,1.5349021026957292,ok,3.381410012749252,7.549516567451064e-14
CrRh3,all,116,1.333078688177768,ok,3.3797129259895415,2.8979041388765836e-12
CrRh3,all,495,1.5730292257311251,ok,3.383955642888818,3.552713678800501e-15
CrRh3,all,276,1.2002689769020587,ok,3.3797129259895415,1.0856027188310691e-10
CoTi,0.05,31,1.127390982145868,tilt_failed,,
CoTi,0.05,286,1.147957650854384,ok,13.610113942983801,4.800585484687758e-10
CoTi,0.05,168,1.1696486834562227,ok,13.645177466307416,3.649336388633628e-11
CoTi,0.05,623,1.1065458071595184,tilt_failed,,
CoTi,0.05,530,1.1953578692528664,ok,13.582967989442938,2.594974790603999e-09
CoTi,0.05,253,1.145372048940466,ok,13.608982861586266,4.707345624410664e-14
CoTi,0.05,745,1.1263477321343236,ok,13.657619361680311,8.059108935754011e-13
CoTi,0.05,394,1.1501490379880381,ok,13.61350718717641,4.2757232199264195e-09
CoTi,0.05,808,1.1858657415896154,ok,13.64178422211481,3.117620606118976e-10
CoTi,0.05,73,1.1491232568634893,ok,13.628211245344376,4.2097009211872205e-09
CoTi,0.05,141,1.2125461951624,ok,13.577312582455258,7.23643367450677e-13
CoTi,0.05,544,1.1190120836294777,tilt_failed,,
CoTi,0.05,468,1.1318368862184758,tilt_failed,,
CoTi,0.05,448,1.2120314513289339,ok,13.659881524475384,1.5582481971421203e-09
CoTi,0.05,591,1.215493972786655,ok,13.608982861586266,1.5289991495137656e-12
CoTi,0.05,345,1.1228328194471267,tilt_failed,,
CoTi,0.05,217,1.166656266846943,ok,13.594278803418298,5.863087793045452e-12
CoTi,0.05,407,1.2139245009429938,ok,13.60219637320105,9.803491352045057e-12
CoTi,0.05,661,1.1827772243151622,ok,13.692682885003927,1.8508528043525985e-12
CoTi,0.05,444,1.1603186907265326,ok,13.614638268573946,1.685216854951932e-09
CoTi,0.05,458,1.1525242334089403,tilt_failed,,
CoTi,0.05,806,1.1579681711987988,ok,13.601065291803513,1.2636336421678607e-11
CoTi,0.05,283,1.160886390548463,ok,13.585230152238012,8.231053616469808e-10
CoTi,0.05,131,1.1674348404826378,ok,13.647439629102488,1.1655121312514893e-12
CoTi,0.05,155,1.1949958360842703,ok,13.612376105778875,2.9976021664879227e-15
CoTi,0.05,369,1.1350161946535426,tilt_failed,,
CoTi,0.05,477,1.1157744171183464,tilt_failed,,
CoTi,0.05,75,1.213740225956765,ok,13.593147722020761,9.531242461946476e-11
CoTi,0.05,323,1.20467944867305,ok,13.598803129008441,5.434497296619156e-11
CoTi,0.05,121,1.1807788573901603,ok,13.608982861586266,2.9317658301053484e-09
CoTi,0.15,81,1.310076556917332,ok,13.605589617393658,4.9243982225277705e-09
CoTi,0.15,683,1.1638297000632745,ok,13.566001768479898,5.6784688062805344e-11
CoTi,0.15,175,1.0688908404978614,tilt_failed,,
CoTi,0.15,67,1.2536100867170448,ok,13.597672047610905,3.219646771412954e-15
CoTi,0.15,395,1.1849833024421326,ok,13.611245024381338,4.5615144994570755e-10
CoTi,0.15,809,1.318700227235636,ok,13.610113942983801,1.3322676295501878e-15
CoTi,0.15,326,1.2148807908770896,ok,13.582967989442938,4.10079692425569e-09
CoTi,0.15,239,1.136799695865502,ok,13.653095036090168,1.0399459071663841e-12
CoTi,0.15,350,1.1126864450648384,tilt_failed,,
CoTi,0.15,249,1.1619572733578234,ok,13.645177466307416,3.89556276125802e-10
CoTi,0.15,488,1.2335539301771752,ok,13.656488280282776,9.27617882506837e-09
CoTi,0.15,262,1.0975952055705966,tilt_failed,,
CoTi,0.15,819,1.198483176689656,ok,13.601065291803513,5.329070518200751e-15
CoTi,0.15,220,1.2892005959333244,ok,13.610113942983801,3.0015478991174405e-10
CoTi,0.15,173,1.1474876084722654,ok,13.693813966401464,2.125249976003829e-10
CoTi,0.15,215,1.3310843958225347,ok,13.569395012672507,1.748715616756158e-10
CoTi,0.15,728,1.185661417883195,ok,13.628211245344376,7.917111410904454e-12
CoTi,0.15,637,1.1384893634974496,tilt_failed,,
CoTi,0.15,483,1.038157275269428,tilt_failed,,
CoTi,0.15,724,1.125269066943261,tilt_failed,,
CoTi,0.15,603,1.267706736756795,ok,13.59088555922569,1.1102230246251565e-15
CoTi,0.15,547,1.1069042659343584,tilt_failed,,
CoTi,0.15,221,1.1354651202569948,tilt_failed,,
CoTi,0.15,821,1.0636832133118435,tilt_failed,,
CoTi,0.15,337,1.2260974915502865,ok,13.65535719888524,2.220446049250313e-16
CoTi,0.15,489,1.0972661620780213,tilt_failed,,
CoTi,0.15,52,1.3362714590165126,ok,13.567132849877435,5.346834086594754e-12
CoTi,0.15,802,1.0611425939610082,tilt_failed,,
CoTi,0.15,144,1.139162767366352,ok,13.654226117487703,3.976669216143591e-09
CoTi,0.15,591,1.215493972786655,ok,13.608982861586266,1.5289991495137656e-12
CoTi,0.40,453,1.1321974221347502,tilt_failed,,
CoTi,0.40,465,1.0275174753837455,tilt_failed,,
CoTi,0.40,796,1.0771268421274127,tilt_failed,,
CoTi,0.40,107,1.081495084123776,tilt_failed,,
CoTi,0.40,31,1.127390982145868,tilt_failed,,
CoTi,0.40,27,1.1878485234326608,ok,13.616900431369018,1.1102230246251565e-15
CoTi,0.40,3,1.2264104119995611,ok,13.601065291803513,1.8158647918653514e-09
CoTi,0.40,809,1.318700227235636,ok,13.610113942983801,1.3322676295501878e-15
CoTi,0.40,246,1.680666722983827,ok,13.651963954692631,4.75175454539567e-14
CoTi,0.40,318,1.5619313928759844,ok,13.56826393127497,6.106226635438361e-15
CoTi,0.40,720,1.0735568160580529,tilt_failed,,
CoTi,0.40,662,1.0910184168514014,tilt_failed,,
CoTi,0.40,305,1.1558965557084193,ok,13.788824803794483,2.7122748491592574e-13
CoTi,0.40,402,1.1421309306183856,ok,13.620293675561625,6.724842904759498e-12
CoTi,0.40,595,1.1108004815198855,tilt_failed,,
CoTi,0.40,681,1.4598782889936575,ok,13.576181501057722,1.8819670266623234e-09
CoTi,0.40,526,1.0638306187470297,tilt_failed,,
CoTi,0.40,301,1.1203710110134675,ok,13.64178422211481,8.65441052155802e-12
CoTi,0.40,137,1.2307455302633798,ok,13.584099070840475,3.4305891460917337e-13
CoTi,0.40,187,1.2106070966716413,ok,13.625949082549305,1.56097357262297e-13
CoTi,0.40,713,1.071347758063508,tilt_failed,,
CoTi,0.40,248,1.280188717801789,ok,13.64970179189756,5.684341886080802e-14
CoTi,0.40,683,1.1638297000632745,ok,13.566001768479898,5.6784688062805344e-11
CoTi,0.40,816,1.197729369049827,ok,13.575050419660187,2.05657713081564e-12
CoTi,0.40,50,1.2680247255034056,ok,13.667799094258136,7.051470518604219e-12
CoTi,0.40,64,1.115432932623103,tilt_failed,,
CoTi,0.40,356,1.2253059371390322,ok,13.56034636149222,8.131628703722527e-11
CoTi,0.40,188,1.1702211910012936,ok,13.628211245344376,2.086186778882393e-11
CoTi,0.40,480,1.1117976181579046,ok,13.658750443077848,3.913314117198752e-12
CoTi,0.40,102,1.6428132221391716,ok,13.598803129008441,1.3322676295501878e-15
CoTi,all,318,1.5619313928759844,ok,13.56826393127497,6.106226635438361e-15
CoTi,all,728,1.185661417883195,ok,13.628211245344376,7.917111410904454e-12
CoTi,all,502,1.3294383485105485,ok,13.610113942983801,5.298816940779716e-10
CoTi,all,675,1.162111940051532,ok,13.592016640623227,1.8818280267396403e-13
CoTi,all,564,1.2228748677795211,ok,13.598803129008441,5.935030245041162e-12
CoTi,all,2,1.7162466041892894,ok,13.615769349971481,2.708944180085382e-14
CoTi,all,404,1.0354218994671103,tilt_failed,,
CoTi,all,491,1.2202170726462003,ok,13.597672047610905,6.641687200215074e-12
CoTi,all,633,1.3835459500754543,ok,13.75036803627826,1.763175383473481e-09
CoTi,all,438,1.079207962602121,tilt_failed,,
CoTi,all,185,1.3619305641256603,ok,13.569395012672507,4.909765927152421e-10
CoTi,all,801,1.2236251517407148,ok,13.56826393127497,1.9984014443252818e-14
CoTi,all,595,1.1108004815198855,tilt_failed,,
CoTi,all,217,1.166656266846943,ok,13.594278803418298,5.863087793045452e-12
CoTi,all,326,1.2148807908770896,ok,13.582967989442938,4.10079692425569e-09
CoTi,all,668,1.2798428607989982,ok,13.577312582455258,3.6637359812630166e-15
CoTi,all,620,1.1571634233029482,ok,13.69155180360639,3.1480373863246314e-12
CoTi,all,435,1.7627691213210244,ok,13.606720698791193,3.752553823233029e-14
CoTi,all,457,1.0850011837940292,tilt_failed,,
CoTi,all,464,1.0700449619782797,tilt_failed,,
CoTi,all,257,1.2394352500850188,ok,13.594278803418298,4.546141241235091e-12
CoTi,all,15,1.1274910127681486,tilt_failed,,
CoTi,all,107,1.081495084123776,tilt_failed,,
CoTi,all,52,1.3362714590165126,ok,13.567132849877435,5.346834086594754e-12
CoTi,all,367,1.2983283167696047,ok,13.576181501057722,4.440892098500626e-16
CoTi,all,562,1.0504659159101686,tilt_failed,,
CoTi,all,213,1.5349021026957292,ok,13.62708016394684,5.46229728115577e-13
CoTi,all,116,1.333078688177768,ok,13.586361233635547,1.659339332604759e-12
CoTi,all,495,1.5730292257311251,ok,13.56826393127497,2.1283463880195086e-09
CoTi,all,276,1.2002689769020587,ok,13.621424756959161,6.659237605788348e-10
AsZr,0.05,326,1.2148807908770896,ok,8.809835354016332,2.220446049250313e-16
AsZr,0.05,682,1.1590535694655726,tilt_failed,,
AsZr,0.05,383,1.2506175753824262,ok,8.849637192205144,7.349676423018536e-14
AsZr,0.05,816,1.197729369049827,ok,8.806940674875328,1.4031221740040678e-09
AsZr,0.05,491,1.2202170726462003,ok,8.818519391439345,1.0413891970983968e-13
AsZr,0.05,677,1.2450379848219353,ok,8.81562471229834,3.681905891284032e-10
AsZr,0.05,546,1.2035695009052403,ok,8.818519391439345,7.127631818093505e-14
AsZr,0.05,675,1.162111940051532,tilt_failed,,
AsZr,0.05,145,1.1809791869368715,ok,8.955292980851809,1.0104472814020937e-11
AsZr,0.05,779,1.1787220633211999,ok,8.843847833923135,9.214851104388799e-14
AsZr,0.05,0,1.2495659770880998,ok,8.824308749721354,5.329249708196926e-09
AsZr,0.05,252,1.1634444275069369,ok,8.843847833923135,8.075429214216001e-12
AsZr,0.05,249,1.1619572733578234,tilt_failed,,
AsZr,0.05,437,1.1825567466401468,ok,8.838782145426375,1.3289369604763124e-13
AsZr,0.05,140,1.208104391913723,ok,8.830098108003362,2.886579864025407e-15
AsZr,0.05,651,1.185311113838804,ok,8.814177372727837,5.440092820663267e-14
AsZr,0.05,448,1.2120314513289339,ok,8.844571503708387,4.440892098500626e-16
AsZr,0.05,22,1.2230707005175832,ok,8.80766434466058,1.1442513603299176e-11
AsZr,0.05,707,1.197854660861849,ok,8.83588746628537,8.881784197001252e-16
AsZr,0.05,69,1.187244556731469,ok,8.827203428862358,4.6440177259299276e-09
AsZr,0.05,752,1.1843795937360242,tilt_failed,,
AsZr,0.05,333,1.189435567980418,ok,8.82141407058035,1.4794832026154836e-12
AsZr,0.05,282,1.2101433517951088,ok,8.80911168423108,5.551115123125783e-15
AsZr,0.05,760,1.2102611209640577,ok,8.804769665519576,5.538303815555423e-09
AsZr,0.05,384,1.2076858355504752,ok,8.81562471229834,1.4553913629811177e-12
AsZr,0.05,800,1.195687095530662,ok,8.824308749721354,1.066774446556451e-10
AsZr,0.05,768,1.2320401148776585,ok,8.781612232391538,4.640320683257926e-09
AsZr,0.05,753,1.2467991454991594,ok,8.801874986378571,1.3131717935266352e-12
AsZr,0.05,96,1.183748064018879,ok,8.832992787144367,2.3314683517128287e-14
AsZr,0.05,672,1.2416838277420752,ok,8.838058475641127,2.220446049250313e-16
AsZr,0.15,163,1.3262402355053773,ok,8.797532967667063,1.5853984791647235e-13
AsZr,0.15,173,1.1474876084722654,tilt_failed,,
AsZr,0.15,514,1.1290047319323775,tilt_failed,,
AsZr,0.15,677,1.2450379848219353,ok,8.81562471229834,3.681905891284032e-10
AsZr,0.15,678,1.095180663218599,tilt_failed,,
AsZr,0.15,551,1.1458396537656301,tilt_failed,,
AsZr,0.15,587,1.126071575809924,tilt_failed,,
AsZr,0.15,400,1.251848147275931,ok,8.797532967667063,1.0365559521829937e-09
AsZr,0.15,630,1.3228530138509245,ok,8.822137740365601,2.820101929756902e-10
AsZr,0.15,511,1.3940162954417472,ok,8.830098108003362,2.3486890210477895e-09
AsZr,0.15,571,1.2449289984344638,ok,8.832992787144367,2.617905892066119e-13
AsZr,0.15,402,1.1421309306183856,tilt_failed,,
AsZr,0.15,817,1.1334106835406128,tilt_failed,,
AsZr,0.15,594,1.1201904677318644,tilt_failed,,
AsZr,0.15,319,1.2982022868066938,ok,8.791019939599803,5.701883409869879e-12
AsZr,0.15,166,1.163640736073686,ok,8.851808201560896,1.723066134218243e-13
AsZr,0.15,501,1.2897122051975274,ok,8.79029626981455,3.268274539891536e-12
AsZr,0.15,500,1.0860823441511978,tilt_failed,,
AsZr,0.15,782,1.1483026716648268,tilt_failed,,
AsZr,0.15,544,1.1190120836294777,tilt_failed,,
AsZr,0.15,152,1.2889213397543617,ok,8.805493335304824,3.361711908844711e-09
AsZr,0.15,486,1.0681606550782332,tilt_failed,,
AsZr,0.15,68,1.3984362609311423,ok,8.799703977022816,8.881784197001252e-15
AsZr,0.15,761,1.2663314026180976,ok,8.812006363372085,7.033040816395442e-12
AsZr,0.15,16,1.3560845507149728,ok,8.811282693586833,2.76445533131664e-13
AsZr,0.15,595,1.1108004815198855,tilt_failed,,
AsZr,0.15,49,1.177109438002338,ok,8.838058475641127,6.061817714453355e-14
AsZr,0.15,346,1.1417771517915833,tilt_failed,,
AsZr,0.15,622,1.189229986348954,ok,8.830098108003362,8.660183681286071e-12
AsZr,0.15,709,1.051692746799368,tilt_failed,,
AsZr,0.40,3,1.2264104119995611,ok,8.809835354016332,1.1785017406396037e-11
AsZr,0.40,402,1.1421309306183856,tilt_failed,,
AsZr,0.40,809,1.318700227235636,ok,8.809835354016332,4.6629367034256575e-15
AsZr,0.40,543,1.3428091909843654,ok,8.78378324174729,3.341771304121721e-14
AsZr,0.40,823,1.151419329299825,tilt_failed,,
AsZr,0.40,465,1.0275174753837455,tilt_failed,,
AsZr,0.40,61,1.1896608565745292,ok,8.840229484996879,3.63626906363379e-11
AsZr,0.40,496,1.074112088120181,tilt_failed,,
AsZr,0.40,719,1.207429093873524,ok,8.817072051868841,2.2766744045554788e-10
AsZr,0.40,438,1.079207962602121,tilt_failed,,
AsZr,0.40,355,1.2629755899473643,ok,8.810559023801584,1.8496315590255108e-13
AsZr,0.40,730,1.0660600071307267,tilt_failed,,
AsZr,0.40,666,1.1401459351239513,tilt_failed,,
AsZr,0.40,681,1.4598782889936575,ok,8.806217005090076,1.9984014443252818e-15
AsZr,0.40,232,1.3388972283626686,ok,8.801874986378571,8.08242361927114e-14
AsZr,0.40,351,1.2296345688578563,ok,8.791019939599803,8.547385021984155e-12
AsZr,0.40,420,1.1476294123051554,tilt_failed,,
AsZr,0.40,258,1.637894953676489,ok,8.836611136070623,6.598832591464543e-11
AsZr,0.40,20,1.617458444836998,ok,8.809835354016332,3.568763062844482e-10
AsZr,0.40,319,1.2982022868066938,ok,8.791019939599803,5.701883409869879e-12
AsZr,0.40,113,1.5055184596021824,ok,8.832992787144367,2.4202861936828413e-14
AsZr,0.40,598,1.0668108099770908,tilt_failed,,
AsZr,0.40,748,1.694493506989641,ok,8.93647756643528,2.220446049250313e-16
AsZr,0.40,579,1.111259314048245,tilt_failed,,
AsZr,0.40,118,1.143882983505564,tilt_failed,,
AsZr,0.40,423,1.4870029114220686,ok,8.784506911532542,8.881784197001252e-16
AsZr,0.40,320,1.166710430208393,tilt_failed,,
AsZr,0.40,437,1.1825567466401468,ok,8.838782145426375,1.3289369604763124e-13
AsZr,0.40,743,1.4645744456970498,ok,8.810559023801584,7.771561172376096e-16
AsZr,0.40,816,1.197729369049827,ok,8.806940674875328,1.4031221740040678e-09
AsZr,all,318,1.5619313928759844,ok,8.787401590673547,1.723066134218243e-13
AsZr,all,728,1.185661417883195,ok,8.870623615977426,1.6820203008194312e-09
AsZr,all,502,1.3294383485105485,ok,8.805493335304824,3.3306690738754696e-16
AsZr,all,675,1.162111940051532,tilt_failed,,
AsZr,all,564,1.2228748677795211,ok,8.806217005090076,8.43769498715119e-15
AsZr,all,2,1.7162466041892894,ok,8.813453702942589,3.852562713291263e-11
AsZr,all,404,1.0354218994671103,tilt_failed,,
AsZr,all,491,1.2202170726462003,ok,8.818519391439345,1.0413891970983968e-13
AsZr,all,633,1.3835459500754543,ok,8.856150220272404,5.417888360170764e-14
AsZr,all,438,1.079207962602121,tilt_failed,,
AsZr,all,185,1.3619305641256603,ok,8.789572600029299,2.7755575615628914e-15
AsZr,all,801,1.2236251517407148,ok,8.804769665519576,8.280265362259343e-12
AsZr,all,595,1.1108004815198855,tilt_failed,,
AsZr,all,217,1.166656266846943,ok,8.827203428862358,1.872946242542639e-12
AsZr,all,326,1.2148807908770896,ok,8.809835354016332,2.220446049250313e-16
AsZr,all,668,1.2798428607989982,ok,8.812006363372085,3.4324765252335965e-12
AsZr,all,620,1.1571634233029482,tilt_failed,,
AsZr,all,435,1.7627691213210244,ok,8.832992787144367,1.779068004026385e-10
AsZr,all,457,1.0850011837940292,tilt_failed,,
AsZr,all,464,1.0700449619782797,tilt_failed,,
AsZr,all,257,1.2394352500850188,ok,8.796085628096563,3.7074548986382183e-09
AsZr,all,15,1.1274910127681486,tilt_failed,,
AsZr,all,107,1.081495084123776,tilt_failed,,
AsZr,all,52,1.3362714590165126,ok,8.796085628096563,2.0865753569410117e-11
AsZr,all,367,1.2983283167696047,ok,8.792467279170303,1.1102230246251565e-15
AsZr,all,562,1.0504659159101686,tilt_failed,,
AsZr,all,213,1.5349021026957292,ok,8.849637192205144,1.0357004143202175e-10
AsZr,all,116,1.333078688177768,ok,8.796085628096563,6.938005725487528e-12
AsZr,all,495,1.5730292257311251,ok,8.796809297881811,1.709743457922741e-14
AsZr,all,276,1.2002689769020587,ok,8.842400494352635,1.3877563542763482e-09
Se2V,0.05,147,1.5212991981750854,ok,11.34450840732714,2.3451773856209e-10
Se2V,0.05,792,1.4998417781302211,ok,11.457955121381932,9.992007221626409e-16
Se2V,0.05,298,1.546156860171355,ok,11.329838573613156,7.993605777301127e-15
Se2V,0.05,98,1.5274073571594127,ok,11.203678003672913,1.4982681761921413e-11
Se2V,0.05,717,1.503968082938417,ok,11.57726976892232,1.336419863662286e-11
Se2V,0.05,357,1.62683960160354,ok,11.220303815215424,1.9169776876992728e-11
Se2V,0.05,639,1.5507708726571419,ok,11.814921075088833,1.0654988003011567e-10
Se2V,0.05,54,1.5184273841127947,ok,11.190964147787462,3.774758283725532e-15
Se2V,0.05,545,1.5559622718193424,ok,11.244753538072061,1.4485092014737688e-09
Se2V,0.05,461,1.5920860236703889,ok,11.200744036930114,1.341149413747189e-13
Se2V,0.05,106,1.5614412208311628,ok,11.368958130183774,2.234212814755665e-12
Se2V,0.05,20,1.617458444836998,ok,11.186074203216133,9.992007221626409e-16
Se2V,0.05,624,1.5427943384390168,ok,11.233017671100875,2.644551244657123e-13
Se2V,0.05,224,1.639569113494013,ok,11.308322817499317,1.4432899320127035e-15
Se2V,0.05,247,1.6023410315738542,ok,11.343530418412872,4.440892098500626e-16
Se2V,0.05,522,1.5948177636208922,ok,10.948422897049621,1.0379475057220588e-12
Se2V,0.05,110,1.575061788917229,ok,11.206611970415707,2.6319613155578736e-11
Se2V,0.05,423,1.4870029114220686,ok,11.280939127899885,3.5704772471945034e-13
Se2V,0.05,213,1.5349021026957292,ok,11.894138177144338,3.6404212977458883e-13
Se2V,0.05,274,1.5026162195969461,ok,11.423725509382642,4.440892098500626e-16
Se2V,0.05,23,1.5082805379061974,ok,11.21052392607277,6.808280605952177e-10
Se2V,0.05,11,1.6041167302560164,ok,11.104901123332098,4.440892098500626e-16
Se2V,0.05,250,1.6241687379889747,ok,11.135218779674329,5.481393117179323e-12
Se2V,0.05,165,1.5011901098702691,ok,11.221281804129692,2.4424906541753444e-15
Se2V,0.05,236,1.5347393946965364,ok,11.189986158873197,8.916423155369557e-12
Se2V,0.05,432,1.5646356321412305,ok,11.111747045731956,1.1102230246251565e-15
Se2V,0.05,9,1.5422059283046299,ok,11.45013121006781,3.219646771412954e-15
Se2V,0.05,74,1.5519461116386573,ok,10.994388376020098,5.995204332975845e-15
Se2V,0.05,214,1.6340348762511054,ok,11.156734535788168,2.220446049250313e-16
Se2V,0.05,563,1.5592580295757577,ok,11.583137702407914,7.771561172376096e-15
Se2V,0.15,316,1.3487329521883222,tilt_failed,,
Se2V,0.15,20,1.617458444836998,ok,11.186074203216133,9.992007221626409e-16
Se2V,0.15,795,1.4578971675438661,ok,11.470668977267383,4.547162646417746e-11
Se2V,0.15,259,1.5415246566853025,ok,11.090231289618117,4.440892098500626e-16
Se2V,0.15,185,1.3619305641256603,tilt_failed,,
Se2V,0.15,631,1.5058878697718867,ok,11.302454884013724,2.9044766591823645e-11
Se2V,0.15,210,1.3993969673684326,tilt_failed,,
Se2V,0.15,712,1.356362350517843,tilt_failed,,
Se2V,0.15,360,1.4385159754291021,ok,11.31419075098491,5.186961971048731e-13
Se2V,0.15,732,1.409820015515751,tilt_failed,,
Se2V,0.15,265,1.390207366972563,ok,11.411989642411456,8.687517372152342e-11
Se2V,0.15,263,1.4034793707473983,tilt_failed,,
Se2V,0.15,698,1.367542812801651,tilt_failed,,
Se2V,0.15,577,1.6602213334994511,ok,10.993410387105833,3.3306690738754696e-15
Se2V,0.15,596,1.598968454006404,ok,11.087297322875319,4.9353632292081784e-11
Se2V,0.15,213,1.5349021026957292,ok,11.894138177144338,3.6404212977458883e-13
Se2V,0.15,454,1.359268164606965,ok,11.561621946294075,4.3076653355456074e-14
Se2V,0.15,432,1.5646356321412305,ok,11.111747045731956,1.1102230246251565e-15
Se2V,0.15,153,1.43422242156877,ok,11.226171748701017,4.440892098500626e-16
Se2V,0.15,511,1.3940162954417472,ok,11.33179455144169,4.5774939394505054e-11
Se2V,0.15,495,1.5730292257311251,ok,11.043287821733372,2.9753977059954195e-14
Se2V,0.15,624,1.5427943384390168,ok,11.233017671100875,2.644551244657123e-13
Se2V,0.15,740,1.4677068654234613,tilt_failed,,
Se2V,0.15,2,1.7162466041892894,ok,11.187052192130398,2.1094237467877974e-15
Se2V,0.15,390,1.4346304650873953,ok,11.085341345046789,8.053557820630886e-13
Se2V,0.15,113,1.5055184596021824,ok,11.409055675668661,6.644440553316144e-11
Se2V,0.15,788,1.3448207846155091,tilt_failed,,
Se2V,0.15,485,1.5024110348762156,ok,11.053067710876029,4.440892098500626e-16
Se2V,0.15,585,1.5604574008513528,ok,10.992432398191568,3.219646771412954e-14
Se2V,0.15,403,1.4433773730875004,tilt_failed,,
Se2V,0.40,86,1.6552762156375826,ok,10.926907140935779,1.4988010832439613e-14
Se2V,0.40,253,1.145372048940466,tilt_failed,,
Se2V,0.40,2,1.7162466041892894,ok,11.187052192130398,2.1094237467877974e-15
Se2V,0.40,441,1.141053082360812,tilt_failed,,
Se2V,0.40,167,1.437761502755005,ok,11.021772065619533,7.980283101005625e-13
Se2V,0.40,790,1.463730019930028,ok,11.523480378637721,4.211075932403219e-13
Se2V,0.40,203,1.1711131798216483,tilt_failed,,
Se2V,0.40,78,1.1109698597582736,tilt_failed,,
Se2V,0.40,715,1.1231288354600832,tilt_failed,,
Se2V,0.40,455,1.1165295419048638,tilt_failed,,
Se2V,0.40,779,1.1787220633211999,tilt_failed,,
Se2V,0.40,503,1.126419953921828,tilt_failed,,
Se2V,0.40,103,1.4789924766230378,ok,11.083385367218256,8.881784197001252e-15
Se2V,0.40,653,1.0708683112253563,tilt_failed,,
Se2V,0.40,699,1.3414247287486172,tilt_failed,,
Se2V,0.40,546,1.2035695009052403,tilt_failed,,
Se2V,0.40,260,1.1629476523510323,tilt_failed,,
Se2V,0.40,219,1.1421813151806643,tilt_failed,,
Se2V,0.40,94,1.1734459764579346,tilt_failed,,
Se2V,0.40,713,1.071347758063508,tilt_failed,,
Se2V,0.40,16,1.3560845507149728,tilt_failed,,
Se2V,0.40,486,1.0681606550782332,tilt_failed,,
Se2V,0.40,414,1.2210204093548858,ok,11.267247283100168,3.7162495303277865e-12
Se2V,0.40,99,1.349041702506478,ok,11.058935644361622,3.3306690738754696e-16
Se2V,0.40,400,1.251848147275931,tilt_failed,,
Se2V,0.40,541,1.3281704825123353,tilt_failed,,
Se2V,0.40,562,1.0504659159101686,tilt_failed,,
Se2V,0.40,158,1.2291977529804377,ok,11.237907615672203,4.440892098500626e-15
Se2V,0.40,227,1.2446412551586832,tilt_failed,,
Se2V,0.40,537,1.1916521869498526,tilt_failed,,
Se2V,all,318,1.5619313928759844,ok,11.20172202584438,1.6998403795653871e-09
Se2V,all,728,1.185661417883195,tilt_failed,,
Se2V,all,502,1.3294383485105485,tilt_failed,,
Se2V,all,675,1.162111940051532,tilt_failed,,
Se2V,all,564,1.2228748677795211,tilt_failed,,
Se2V,all,2,1.7162466041892894,ok,11.187052192130398,2.1094237467877974e-15
Se2V,all,404,1.0354218994671103,tilt_failed,,
Se2V,all,491,1.2202170726462003,tilt_failed,,
Se2V,all,633,1.3835459500754543,tilt_failed,,
Se2V,all,438,1.079207962602121,tilt_failed,,
Se2V,all,185,1.3619305641256603,tilt_failed,,
Se2V,all,801,1.2236251517407148,tilt_failed,,
Se2V,all,595,1.1108004815198855,tilt_failed,,
Se2V,all,217,1.166656266846943,tilt_failed,,
Se2V,all,326,1.2148807908770896,tilt_failed,,
Se2V,all,668,1.2798428607989982,tilt_failed,,
Se2V,all,620,1.1571634233029482,tilt_failed,,
Se2V,all,435,1.7627691213210244,ok,11.018838098876735,6.248597195224193e-10
Se2V,all,457,1.0850011837940292,tilt_failed,,
Se2V,all,464,1.0700449619782797,tilt_failed,,
Se2V,all,257,1.2394352500850188,tilt_failed,,
Se2V,all,15,1.1274910127681486,tilt_failed,,
Se2V,all,107,1.081495084123776,tilt_failed,,
Se2V,all,52,1.3362714590165126,tilt_failed,,
Se2V,all,367,1.2983283167696047,tilt_failed,,
Se2V,all,562,1.0504659159101686,tilt_failed,,
Se2V,all,213,1.5349021026957292,ok,11.894138177144338,3.6404212977458883e-13
Se2V,all,116,1.333078688177768,tilt_failed,,
Se2V,all,495,1.5730292257311251,ok,11.043287821733372,2.9753977059954195e-14
Se2V,all,276,1.2002689769020587,tilt_failed,,
